group,conversion_rate,sample_size
psa,0.01785410644448223,23524
ad,0.025546559636683747,564577
